Workbook
Name Thang: 'Bảng chấm công'!$AQ$2

Sheet Bảng chấm công
AN1: Tháng
AM2: Ghi chú: | AQ2: =AN14 -> 9
AM3: Ngày làm việc | AN3: X | AQ3: =IF($AN$15="",FALSE,TRUE) -> TRUE
AM4: Ngày nghỉ lễ | AN4: L | AQ4: =IF($AN$16="",FALSE,TRUE) -> TRUE | AT4: CN, T7 nghỉ | AU4: T7 | AV4: L
AM5: Ngày nghỉ phép | AN5: P | AQ5: =IF($AN$17="",FALSE,TRUE) -> TRUE
AM6: Làm 1 buổi | AN6: / | AQ6: =IF($AN$18="",FALSE,TRUE) -> TRUE | AT6: B
AM7: Làm bù | AN7: B
AM8: OT | AN8: (Write how many hour it takes)
AO9: =COUNTIF('Danh sách ngày nghỉ trong năm'!$J$6:$J$159,'Bảng chấm công'!AO$30) -> #REF! | AP9: =COUNTIF('Danh sách ngày nghỉ trong năm'!$J$6:$J$159,'Bảng chấm công'!AP$30) -> #REF! | AQ9: =COUNTIF('Danh sách ngày nghỉ trong năm'!$J$6:$J$159,'Bảng chấm công'!AQ$30) -> #REF! | AR9: =COUNTIF('Danh sách ngày nghỉ trong năm'!$J$6:$J$159,'Bảng chấm công'!AR$30) -> #REF! | AS9: =COUNTIF('Danh sách ngày nghỉ trong năm'!$J$6:$J$159,'Bảng chấm công'!AS$30) -> #REF! | AT9: =COUNTIF('Danh sách ngày nghỉ trong năm'!$J$6:$J$159,'Bảng chấm công'!AT$30) -> #REF! | AU9: =COUNTIF('Danh sách ngày nghỉ trong năm'!$J$6:$J$159,'Bảng chấm công'!AU$30) -> #REF! | AV9: =COUNTIF('Danh sách ngày nghỉ trong năm'!$J$6:$J$159,'Bảng chấm công'!AV$30) -> #REF! | ... BS9: =COUNTIF('Danh sách ngày nghỉ trong năm'!$J$6:$J$159,'Bảng chấm công'!BS$30) -> #REF! | CA9: =COUNTIF('Danh sách ngày nghỉ trong năm'!$J$6:$J$159,CA$30) -> #REF! | CB9: =COUNTIF('Danh sách ngày nghỉ trong năm'!$J$6:$J$159,CB$30) -> #REF! | CC9: =COUNTIF('Danh sách ngày nghỉ trong năm'!$J$6:$J$159,CC$30) -> #REF! | CD9: =COUNTIF('Danh sách ngày nghỉ trong năm'!$J$6:$J$159,CD$30) -> #REF! | CE9: =COUNTIF('Danh sách ngày nghỉ trong năm'!$J$6:$J$159,CE$30) -> #REF! | CF9: =COUNTIF('Danh sách ngày nghỉ trong năm'!$J$6:$J$159,CF$30) -> #REF! | CG9: =COUNTIF('Danh sách ngày nghỉ trong năm'!$J$6:$J$159,CG$30) -> #REF! | CH9: =COUNTIF('Danh sách ngày nghỉ trong năm'!$J$6:$J$159,CH$30) -> #REF! | ... DE9: =COUNTIF('Danh sách ngày nghỉ trong năm'!$J$6:$J$159,DE$30) -> #REF!
AO10: =COUNTIF('Danh sách ngày nghỉ trong năm'!$C$6:$C$191,'Bảng chấm công'!AO$30) -> #REF! | AP10: =COUNTIF('Danh sách ngày nghỉ trong năm'!$C$6:$C$191,'Bảng chấm công'!AP$30) -> #REF! | AQ10: =COUNTIF('Danh sách ngày nghỉ trong năm'!$C$6:$C$191,'Bảng chấm công'!AQ$30) -> #REF! | AR10: =COUNTIF('Danh sách ngày nghỉ trong năm'!$C$6:$C$191,'Bảng chấm công'!AR$30) -> #REF! | AS10: =COUNTIF('Danh sách ngày nghỉ trong năm'!$C$6:$C$191,'Bảng chấm công'!AS$30) -> #REF! | AT10: =COUNTIF('Danh sách ngày nghỉ trong năm'!$C$6:$C$191,'Bảng chấm công'!AT$30) -> #REF! | AU10: =COUNTIF('Danh sách ngày nghỉ trong năm'!$C$6:$C$191,'Bảng chấm công'!AU$30) -> #REF! | AV10: =COUNTIF('Danh sách ngày nghỉ trong năm'!$C$6:$C$191,'Bảng chấm công'!AV$30) -> #REF! | ... BS10: =COUNTIF('Danh sách ngày nghỉ trong năm'!$C$6:$C$191,'Bảng chấm công'!BS$30) -> #REF! | CA10: =COUNTIF('Danh sách ngày nghỉ trong năm'!$C$6:$C$191,'Bảng chấm công'!CA$30) -> #REF! | CB10: =COUNTIF('Danh sách ngày nghỉ trong năm'!$C$6:$C$191,'Bảng chấm công'!CB$30) -> #REF! | CC10: =COUNTIF('Danh sách ngày nghỉ trong năm'!$C$6:$C$191,'Bảng chấm công'!CC$30) -> #REF! | CD10: =COUNTIF('Danh sách ngày nghỉ trong năm'!$C$6:$C$191,'Bảng chấm công'!CD$30) -> #REF! | CE10: =COUNTIF('Danh sách ngày nghỉ trong năm'!$C$6:$C$191,'Bảng chấm công'!CE$30) -> #REF! | CF10: =COUNTIF('Danh sách ngày nghỉ trong năm'!$C$6:$C$191,'Bảng chấm công'!CF$30) -> #REF! | CG10: =COUNTIF('Danh sách ngày nghỉ trong năm'!$C$6:$C$191,'Bảng chấm công'!CG$30) -> #REF! | CH10: =COUNTIF('Danh sách ngày nghỉ trong năm'!$C$6:$C$191,'Bảng chấm công'!CH$30) -> #REF! | ... DE10: =COUNTIF('Danh sách ngày nghỉ trong năm'!$C$6:$C$191,'Bảng chấm công'!DE$30) -> #REF!
AN14: 9
AN15: L
AN16: CN, T7 nghỉ
AN17: T7
AN18: B
C20: CÔNG TY TNHH TƯ VẤN CÔNG TRÌNH XANH GREENVIET | AM20: CÔNG TY TNHH TƯ VẤN CÔNG TRÌNH XANH GREENVIET | BY20: =+C20 -> CÔNG TY TNHH TƯ VẤN CÔNG TRÌNH XANH GREENVIET
C21: Địa chỉ: Số 19, Đường 46, Phường Thảo Điền, TP Thủ Đức, TP.HCM | AM21: Địa chỉ: Số 19, Đường 46, Phường Thảo Điền, TP Thủ Đức, TP.HCM | BY21: =+C21 -> Địa chỉ: Số 19, Đường 46, Phường Thảo Điền, TP Thủ Đức, TP.HCM
C22: SĐT: 028 3511 9096 | O22: BẢNG LƯƠNG | BC22: BẢNG CHẤM CÔNG TRONG GIỜ | CQ22: BẢNG CHẤM CÔNG NGOÀI GIỜ - TĂNG CA
O23: ="Tháng: "&TEXT('Bảng chấm công'!Thang,"00")&"/"&#REF! -> #REF! | BC23: ="Tháng: "&TEXT('Bảng chấm công'!Thang,"00")&"/"&#REF! -> #REF! | CQ23: ="Tháng: "&TEXT('Bảng chấm công'!Thang,"00")&"/"&#REF! -> #REF!
A27: Số | D27: Chức | E27: Lương Chính Thức theo thỏa thuận | I27: TỔNG THU NHẬP NGƯỜI LAO ĐỘNG | T27: TỔNG THU NHẬP KHÔNG CHỊU THUẾ TNCN | AA27: Khấu trừ thuế TNCN NLĐ | AC27: Lương thực nhận | AH27: CHI PHÍ DOANH NGHIỆP | AL27: Số | AN27: Chức | AO27: =IF(AO30="","",IF(WEEKDAY(AO30)=1,"CN","T"&WEEKDAY(AO30))) -> #REF! | AP27: =IF(AP30="","",IF(WEEKDAY(AP30)=1,"CN","T"&WEEKDAY(AP30))) | AQ27: =IF(AQ30="","",IF(WEEKDAY(AQ30)=1,"CN","T"&WEEKDAY(AQ30))) -> CN | AR27: =IF(AR30="","",IF(WEEKDAY(AR30)=1,"CN","T"&WEEKDAY(AR30))) | AS27: =IF(AS30="","",IF(WEEKDAY(AS30)=1,"CN","T"&WEEKDAY(AS30))) -> CN | AT27: =IF(AT30="","",IF(WEEKDAY(AT30)=1,"CN","T"&WEEKDAY(AT30))) | AU27: =IF(AU30="","",IF(WEEKDAY(AU30)=1,"CN","T"&WEEKDAY(AU30))) -> CN | AV27: =IF(AV30="","",IF(WEEKDAY(AV30)=1,"CN","T"&WEEKDAY(AV30))) | ... BS27: =IF(BS30="","",IF(WEEKDAY(BS30)=1,"CN","T"&WEEKDAY(BS30))) -> CN | BT27: Ngày thường | BU27: Ngày nghỉ | BV27: TỔNG | BX27: Số | BZ27: Chức | CA27: =IF(CA30="","",IF(WEEKDAY(CA30)=1,"CN","T"&WEEKDAY(CA30))) -> #REF! | CB27: =IF(CB30="","",IF(WEEKDAY(CB30)=1,"CN","T"&WEEKDAY(CB30))) | CC27: =IF(CC30="","",IF(WEEKDAY(CC30)=1,"CN","T"&WEEKDAY(CC30))) -> CN | CD27: =IF(CD30="","",IF(WEEKDAY(CD30)=1,"CN","T"&WEEKDAY(CD30))) | CE27: =IF(CE30="","",IF(WEEKDAY(CE30)=1,"CN","T"&WEEKDAY(CE30))) -> CN | CF27: =IF(CF30="","",IF(WEEKDAY(CF30)=1,"CN","T"&WEEKDAY(CF30))) | CG27: =IF(CG30="","",IF(WEEKDAY(CG30)=1,"CN","T"&WEEKDAY(CG30))) -> CN | CH27: =IF(CH30="","",IF(WEEKDAY(CH30)=1,"CN","T"&WEEKDAY(CH30))) | ... DE27: =IF(DE30="","",IF(WEEKDAY(DE30)=1,"CN","T"&WEEKDAY(DE30))) -> CN | DF27: Ngày thường | DG27: Ngày nghỉ | DH27: Ngày lễ | DI27: Tổng | DJ27: Tổng | DK27: Tăng Ca Ngoài giờ
A28: T | C28: Họ và tên | D28: vụ | F28: Lương tháng hiện tại (Full) | I28: Lương chi tiết (theo thời gian làm việc) | L28: Lương OT | N28: Các khoản điều chỉnh giảm - / tăng + | O28: Thưởng đột xuất/ Lễ/ tết | P28: PHỤ CẤP THEO QUY CHẾ CÔNG TY | S28: Tổng Thu nhập | T28: Người phụ thuộc | V28: Giảm trừ bản thân | W28: Ăn/ ĐT/CT/Xăng | X28: OT | Y28: BHBB | Z28: TỔNG | AA28: Thu nhập chịu thuế TNCN | AB28: Thuế TNCN | AC28: BHBB Thực tế | AD28: Khấu trừ ĐPCĐ | AE28: Khác | AF28: UNC ngày 25/09/2025 | AG28: Tổng | AH28: BHBB | AI28: KPCĐ | AJ28: Tổng | AK28: Ký | AL28: T | AM28: Họ và tên | AN28: vụ | BV28: NGÀY | BW28: NGÀY | BX28: T | BY28: Họ và tên | BZ28: vụ | DJ28: ngoài
A29: T | F29: Lương cơ bản | G29: Hiệu quả công việc | H29: Tổng lương | I29: Thời gian LV (Ngày) | J29: Lương LV | K29: Nghỉ phép được hưởng lương | L29: Ngày | M29: Lương | P29: Ăn trưa | Q29: Điện Thoại / xăng | R29: Đi công trình | T29: Số NPT | U29: Giảm trừ | Y29: 0.105 | AC29: 0.105 | AD29: 0.005 | AH29: 32%/21.0% | AI29: 0.02 | AK29: nhận | AL29: T | BV29: CÔNG | BW29: CÔNG CHUẨN | BX29: T | DJ29: giờ
A30: 1 | B30: 2 | C30: 3 | D30: 4 | E30: 5 | F30: 6 | G30: 7 | H30: 8 | I30: 9 | J30: 10 | K30: 11 | L30: 12 | M30: 13 | O30: 14 | P30: 15 | Q30: 16 | R30: 18 | S30: 19 | T30: 20 | U30: 21 | V30: 22 | W30: 23 | X30: 24 | Y30: 25 | Z30: 26 | AA30: 27 | AB30: 28 | AC30: 29 | AD30: 30 | AE30: 31 | AG30: 32 | AH30: 33 | AI30: 34 | AJ30: 35 | AL30: A | AM30: B | AN30: C | AO30: =DATE(#REF!,VALUE('Bảng chấm công'!Thang),1) -> #REF! | AP30: =IFERROR(IF(EOMONTH(AO30,0)=AO30,"",AO30+1),"") | AQ30: =IFERROR(IF(EOMONTH(AP30,0)=AP30,"",AP30+1),"") -> 1 | AR30: =IFERROR(IF(EOMONTH(AQ30,0)=AQ30,"",AQ30+1),"") | AS30: =IFERROR(IF(EOMONTH(AR30,0)=AR30,"",AR30+1),"") -> 1 | AT30: =IFERROR(IF(EOMONTH(AS30,0)=AS30,"",AS30+1),"") | AU30: =IFERROR(IF(EOMONTH(AT30,0)=AT30,"",AT30+1),"") -> 1 | AV30: =IFERROR(IF(EOMONTH(AU30,0)=AU30,"",AU30+1),"") | AW30: =IFERROR(IF(EOMONTH(AV30,0)=AV30,"",AV30+1),"") -> 1 | ... BS30: =IFERROR(IF(EOMONTH(BR30,0)=BR30,"",BR30+1),"") -> 1 | BT30: (ngày) | BU30: (ngày) | BV30: (ngày) | BX30: A | BY30: B | BZ30: C | CA30: =DATE(#REF!,VALUE('Bảng chấm công'!Thang),1) -> #REF! | CB30: =IFERROR(IF(EOMONTH(CA30,0)=CA30,"",CA30+1),"") | CC30: =IFERROR(IF(EOMONTH(CB30,0)=CB30,"",CB30+1),"") -> 1 | CD30: =IFERROR(IF(EOMONTH(CC30,0)=CC30,"",CC30+1),"") | CE30: =IFERROR(IF(EOMONTH(CD30,0)=CD30,"",CD30+1),"") -> 1 | CF30: =IFERROR(IF(EOMONTH(CE30,0)=CE30,"",CE30+1),"") | CG30: =IFERROR(IF(EOMONTH(CF30,0)=CF30,"",CF30+1),"") -> 1 | CH30: =IFERROR(IF(EOMONTH(CG30,0)=CG30,"",CG30+1),"") | CI30: =IFERROR(IF(EOMONTH(CH30,0)=CH30,"",CH30+1),"") -> 1 | ... DE30: =IFERROR(IF(EOMONTH(DD30,0)=DD30,"",DD30+1),"") -> 1 | DF30: (ngày) | DG30: (ngày) | DH30: (ngày) | DI30: (ngày) | DJ30: (Giờ) | DK30: Tổng Lương | DL30: Lương/Ngày
A31: 1 | B31: BOD01 | C31: Nguyễn Thị Hương Thu | D31: GĐ | E31: 10652000 | F31: 5952000 | G31: =+E31-F31 -> 4700000 | H31: =+G31+F31 -> 10652000 | I31: =$BT31 -> 0 | J31: =ROUND(H31*$I31/$BW31,0) -> #REF! | K31: =ROUND((H31/#REF!)*BU31,0) -> #REF! | L31: =$DI31 -> 0 | M31: =ROUND((H31/#REF!)*$L31,0) -> #REF! | P31: 1000000 | Q31: 1000000 | R31: =SUMIF('Chi tiết đi site'!$C$4:$C$109,'Bảng chấm công'!$B31,'Chi tiết đi site'!$H$4:$H$109) -> #N/A | S31: =SUM(J31:R31)-L31 -> #REF! | T31: 2 | U31: =T31*4400000 -> 8800000 | V31: 11000000 | W31: =IF(P31>730000,730000+Q31+R31,P31+Q31+R31) -> #N/A | X31: =+IF(L31>0,M31-((DJ31/8)*DL31),0) -> 0 | Y31: =F31*$Y$29 -> 624960 | Z31: =SUM(U31:Y31) -> #N/A | AA31: =IF(S31-Z31>0,S31-Z31,0) -> #REF! | AG31: =ROUND(+$S31-$AC31-$AD31-$AB31-AE31,-2)-AF31 -> #REF! | AH31: =ROUND($F31*32%-AC31,0) -> 1904640 | AI31: =ROUND($F31*$AI$29,0) -> 119040 | AJ31: =+$S31+$AH31+$AI31 -> #REF! | AK31: Chuyển | AL31: =A31 -> 1 | AM31: =C31 -> Nguyễn Thị Hương Thu | AN31: =D31 -> GĐ | AO31: L | AP31: L | AQ31: x | AR31: x | AS31: x | AV31: x | AW31: x | AX31: x | AY31: x | AZ31: x | BA31: x | BC31: x | BD31: x | BE31: x | BF31: x | BG31: x | BJ31: x | BK31: x | BL31: x | BM31: x | BN31: x | BO31: x | BQ31: x | BR31: x | BT31: =COUNTIF(AO31:BS31,#REF!)+COUNTIF(AO31:BS31,#REF!)/2+COUNTIF(AO31:BS31,#REF!)+COUNTIF(AO31:BS31,#REF!)+COUNTIF(AO31:BS31,#REF!) -> 0 | BU31: =COUNTIF(AO31:BS31,#REF!)+COUNTIF(AO31:BS31,#REF!)/2 -> 0 | BV31: =SUM(BT31:BU31) -> 0 | BW31: =+IF(LEFT($D31,2)="TT",#REF!-2,#REF!) -> #REF! | BX31: =AL31 -> 1 | BY31: =AM31 -> Nguyễn Thị Hương Thu | BZ31: =AN31 -> GĐ | DF31: =(SUM(BZ31:DD31)-SUM(CG31+CN31+CU31+DB31)+(CA31+CB31))*1.5/8 -> 0 | DG31: =SUM(CG31+CN31+CU31+DB31)*2/8 -> 0 | DH31: =SUM(CA31+CB31)*3/8 -> 0 | DI31: =SUM($DF31:$DH31) -> 0 | DJ31: =+SUM($CA31:$DE31) -> 0 | DK31: =H31 -> 10652000 | DL31: =ROUND(DK31/BW31,0) -> #REF!
